{
    "emptyTable": "هیچ تۆمارێک بوونی نیە",
    "info": "نیشاندان _START_ بۆ _END_ لە _TOTAL_",
    "infoEmpty": "نیشاندان 0 بۆ 0 لە 0",
    "infoFiltered": "(فیلتەرکراو لە _MAX_ تۆمار)",
    "lengthMenu": "نیشاندانی _MENU_ تۆمار",
    "loadingRecords": "چاوەروانە...",
    "processing": "کارلێک دەکرێت...",
    "search": "گەڕان:",
    "zeroRecords": "هیچ تۆمارێک نەدۆزرایەوە",
    "paginate": {
        "first": "یەکەم",
        "last": "کۆتایی",
        "next": "دواتر",
        "previous": "پێشتر"
    }
}